{"mean": [56.2173852085524, 78.43014370837714, 0.018103329828250966, 0.01961142656852436, 68.86316158429723, 58009.28841058535], "scale": [20.74036753094051, 18.856888367936346, 0.09048108740414311, 0.08494194844009534, 38.08261435875504, 52826.04204415343]}